strategy,avg_latency,p95_latency,p99_latency,success_rate,npu_load,rho_critical_theory,rho_critical_observed,total_energy,throughput,avg_wait_time,total_tasks,lambda
RandomScheduler,40.46376767687699,90.64287993300368,96.574320283392,0.9951338199513382,0.031109977384649427,0.8576446119052994,0.0,501.9133174683521,2.055,1.3550586663255342,411,2
RoundRobinScheduler,38.945034216671026,90.42255476642325,94.97162251660195,1.0,0.028323206101109867,0.8495360101571278,0.0,501.1132714926587,2.055,0.0,411,2
LoadBalanceScheduler,34.954766576768066,85.25155454143984,87.34211938282286,1.0,0.0004581424007757562,0.95,0.0,483.9669341362844,2.055,0.0,411,2
FastestResponseScheduler,48.37596224104449,95.45314965067232,166.9139193205689,0.9732360097323601,0.08944303985710707,0.8560253185825752,0.0,499.3549375371273,2.055,4.063362968451799,411,2
E2MACSScheduler,37.11426836598225,91.30363314683798,96.32811179539543,1.0,0.03339976533555402,0.95,0.0,487.17193839962243,2.055,0.7441863789620092,411,2
OracleScheduler,38.42383098465688,92.59590610717794,95.78125376484951,1.0,0.03575969183858259,0.95,0.0,509.1626050965192,2.055,0.046861879827022904,411,2
RandomScheduler,41.3595262866654,91.46796214809996,106.82139663528034,0.987546699875467,0.06127735903731159,0.8547774362158919,0.0,540.5077911639993,4.015,1.9676766448102376,803,4
RoundRobinScheduler,39.10992808747173,90.04305967151254,95.88998046352289,1.0,0.05749686472252104,0.8552050164470834,0.0,539.9727858266534,4.015,0.08222861465513537,803,4
LoadBalanceScheduler,35.28925560926473,84.85633300688845,89.51657936643927,1.0,0.0014686267427333189,0.9013687845644912,0.0,512.1649387611826,4.015,0.07102064454305525,803,4
FastestResponseScheduler,52.129600134130094,115.47082527741776,178.1781024179557,0.9676214196762142,0.17560839948321444,0.8562799340656988,0.0,537.2676957726136,4.015,6.729027277855222,803,4
E2MACSScheduler,40.498496077349444,98.43315250654993,165.12459707141392,1.0,0.12668225110253772,0.95,0.0,523.3540073683411,4.015,2.5107134841388974,803,4
OracleScheduler,38.66514956044595,91.72680212086277,95.70713747589508,1.0,0.06607724927462441,0.95,0.0,557.5763965994724,4.015,0.1206144564004492,803,4
RandomScheduler,40.62487968275055,91.41858811738501,123.03049095774762,0.9866220735785953,0.0842892483427357,0.8577923851528205,0.0,573.7703037781098,5.98,3.083218135253907,1196,6
RoundRobinScheduler,37.86001016024851,89.43590904855014,93.65783357997016,1.0,0.0841885635300289,0.8545621006651132,0.0,575.2316442105823,5.98,0.17716366154194374,1196,6
LoadBalanceScheduler,34.29845826092774,83.89466298482074,87.29779709091329,1.0,0.0034297779623638515,0.833189513586685,0.0,539.806567460286,5.98,0.10395671533324989,1196,6
FastestResponseScheduler,55.213117403174735,142.18851834284862,191.97799319349744,0.9548494983277592,0.2534878526111294,0.8539902053136391,0.0,571.5346551488982,5.98,9.044130794016219,1196,6
E2MACSScheduler,36.54980329917006,91.45671686601098,102.32661552319362,1.0,0.11585505969016907,0.95,0.0,570.8840932640388,5.98,0.7255339259652455,1196,6
OracleScheduler,37.05941285531293,90.55038002721005,93.9652233689607,1.0,0.09331234871602011,0.9405485057837583,0.0,599.1054996124576,5.98,0.12402968613136692,1196,6
RandomScheduler,42.18242215894041,91.51755495316394,143.6574835832939,0.9874292897548711,0.12132263164741444,0.8520757481354053,0.0,616.6002456667557,7.955,3.3275440534176934,1591,8
RoundRobinScheduler,38.70090047044155,90.02961556788236,94.85382753473313,1.0,0.11342598751506937,0.8547271642650478,0.0,616.3077046504304,7.955,0.3888407459546359,1591,8
LoadBalanceScheduler,35.141105705564605,85.30937038450048,89.1418252043934,1.0,0.011207394380346276,0.8553537380274376,0.0,574.164343997806,7.955,0.11475706586906197,1591,8
FastestResponseScheduler,61.98406746668506,162.04100959391354,227.3517444343753,0.9327467001885607,0.34173253721617974,0.8545661872597095,0.0,610.3623163751217,7.955,12.290022825519847,1591,8
E2MACSScheduler,38.239092473167325,92.91083972263436,135.91941192879196,1.0,0.174100446225469,0.9315230949894908,0.0,609.5205509028941,7.955,1.2542917189703342,1591,8
OracleScheduler,37.69204511302576,90.72401315506795,95.91710529482319,1.0,0.12603655974735978,0.941884414648502,0.0,647.1902663330054,7.955,0.2260497421655636,1591,8
RandomScheduler,43.47729938554492,95.52184537675501,151.19912544433416,0.9844221105527639,0.1467528176820805,0.8532442263916615,0.0,655.7146449885417,9.95,4.63691732555902,1990,10
RoundRobinScheduler,38.73738047535502,90.25142091908336,96.90360415899771,0.9989949748743718,0.1404585419321679,0.8543081466702244,0.0,653.83648746414,9.95,0.6287960588589985,1990,10
LoadBalanceScheduler,35.18851537868055,85.5887609793264,90.25409424668386,1.0,0.021129798695973014,0.8608228986790776,0.0,607.5871312022792,9.95,0.19850806672410293,1990,10
FastestResponseScheduler,69.04991174255693,178.99094726947112,255.22763688248844,0.9170854271356784,0.4250777427824143,0.8545591680973605,0.0,647.0342068242592,9.95,15.113788391540306,1990,10
E2MACSScheduler,38.54785556175834,93.39073422364264,162.1172898093188,0.9994974874371859,0.1785800516952067,0.9139593527624371,0.0,593.8339366488278,9.95,2.010161834287878,1990,10
OracleScheduler,37.64126329357836,91.24518274848228,100.15060899758002,1.0,0.15362141557169917,0.937278147514148,0.0,692.4378691810174,9.95,0.39985758346637346,1990,10
RandomScheduler,43.76319853660502,96.5419307301133,146.97212978453598,0.9713455149501661,0.17267408476493906,0.8544397931647125,0.0,693.8387795006437,12.04,5.641425780682559,2408,12
RoundRobinScheduler,38.27533469043477,89.98793694919273,100.72152381698739,0.9979235880398671,0.16559654439070928,0.8535581109979131,0.0,689.0539687505759,12.04,0.9140875166094632,2408,12
LoadBalanceScheduler,34.72110348760705,86.17437429430464,90.91544720951866,0.9995847176079734,0.03184659672736077,0.8580616258258201,0.0,641.6624886686094,12.04,0.31257091157675765,2408,12
FastestResponseScheduler,76.9013145609658,202.39742576614552,288.0389760052689,0.8845514950166113,0.5058964046158632,0.8532585297398886,0.5058964046158632,682.5944180309795,12.04,17.037385623639086,2408,12
E2MACSScheduler,41.280317119699596,94.24026392591855,147.0132862281368,0.992109634551495,0.244681419432469,0.8400103320413613,0.0,633.3020014617583,12.04,2.7213080793036966,2408,12
OracleScheduler,37.04591024364196,91.45425883351734,100.69977717144057,1.0,0.18331709526149134,0.9354517063866741,0.0,733.507598079425,12.04,0.44971372878193816,2408,12
RandomScheduler,44.91411333801046,103.34677815716138,161.4140950346786,0.9778571428571429,0.19350970708623783,0.852825859604973,0.0,734.9034041020232,14.0,5.981554426485779,2800,14
RoundRobinScheduler,38.92823357984458,90.25141737269031,108.56153664654346,0.9967857142857143,0.19378829270410797,0.8533073752658853,0.0,728.7761893125884,14.0,1.2720905539649947,2800,14
LoadBalanceScheduler,35.24808332323045,85.88280702975624,91.57497557797149,0.9985714285714286,0.03994262223678264,0.8560712236696609,0.0,677.1643505623123,14.0,0.4861833968977096,2800,14
FastestResponseScheduler,90.89479721478826,237.21837537937344,335.05912732513207,0.835,0.5911057892132328,0.853874303825958,0.5911057892132328,720.0865472538188,14.0,20.06572322172324,2800,14
E2MACSScheduler,38.990029024096785,96.58551766948165,160.64450373775145,1.0,0.2934067315007178,0.9302441988445599,0.0,722.0410562293293,14.0,2.3707045417377652,2800,14
OracleScheduler,37.56123865319984,91.9195778912595,103.55837736753699,0.9992857142857143,0.2194110359173462,0.932369951619259,0.0,777.3715108356242,14.0,0.532869583097573,2800,14
RandomScheduler,45.86361934544658,109.40406341747459,160.11502041164175,0.9706525132688105,0.2294550594122613,0.8552645233674301,0.0,768.9095570225184,16.015,6.724845847099444,3203,16
RoundRobinScheduler,39.075251187571325,90.62900247679731,115.29750408872184,0.9950046831095848,0.22028181439326427,0.8527828936160151,0.0,766.0271644454001,16.015,1.5600095747230418,3203,16
LoadBalanceScheduler,35.510924461208795,86.32943846366153,92.00715753447696,0.9981267561660943,0.05355110094622357,0.8564567014114891,0.0,712.3789095046178,16.015,0.7404438650272451,3203,16
FastestResponseScheduler,107.96611402945634,288.8497939821824,398.7596675068292,0.7783328129878239,0.6749600914334816,0.853485353968507,0.6749600914334816,757.3673741956438,16.015,22.65102655135778,3203,16
E2MACSScheduler,39.63174792165255,100.27730594944579,170.03513890809288,1.0,0.33119772092790967,0.9306116213365127,0.0,759.370922117965,16.015,2.8009010287752236,3203,16
OracleScheduler,37.64514343821381,91.87049739094631,108.21534597427298,0.9990633780830471,0.24779480940577409,0.9330544889376698,0.0,818.7396646964863,16.015,0.7119930139897399,3203,16
RandomScheduler,46.98810975776389,116.9297850215676,164.5875741154228,0.9675810473815462,0.24700621267678152,0.8544073214218201,0.0,808.3436950065977,18.045,7.445786293253074,3609,18
RoundRobinScheduler,39.67280518703197,91.06010476899229,121.6782870122234,0.9933499584372403,0.2482385529875774,0.8528871117977463,0.0,806.6106514137525,18.045,2.023984365573502,3609,18
LoadBalanceScheduler,36.233003534537374,87.19100417427795,94.95501783050486,0.9963978941535051,0.07098591284446656,0.8569022894555907,0.0,752.899611097526,18.045,1.120211760120941,3609,18
FastestResponseScheduler,160.44412608890474,455.14087451130507,741.1900522699492,0.6539207536713771,0.7615236828956797,0.8538821299764653,0.7615236828956797,795.1780381765714,18.045,25.855024008750885,3609,18
E2MACSScheduler,40.45925181822,95.88442528076013,176.5423246696804,0.9980604045441951,0.2895318791231164,0.9023909923930203,0.0,735.0188229223158,18.045,3.1552193514770286,3609,18
OracleScheduler,38.12753283556956,92.7835629298329,112.41568326298709,0.99833748960931,0.28416530419598085,0.9321640851677561,0.0,862.4521291205663,18.045,0.8404904551678212,3609,18
RandomScheduler,48.027840183814625,120.99309154152704,170.9221538810652,0.9630547979171833,0.28281185407086956,0.855459528398257,0.0,849.4919668693906,20.165,8.353794798942097,4033,20
RoundRobinScheduler,40.052705764336885,91.41278298326937,126.84714103452843,0.9918175055789735,0.2778354598812028,0.8532832345693353,0.0,846.1616739297389,20.165,2.5485055690572795,4033,20
LoadBalanceScheduler,36.38205563486998,87.57431004772371,95.95150454812969,0.9950409124721051,0.08909782093291436,0.8549341958863564,0.0,790.947496151878,20.165,1.329281593560125,4033,20
FastestResponseScheduler,240.7472616282284,693.7235621232469,993.2014822774679,0.5117778328787503,0.8490823818968447,0.8537711859101988,0.8490823818968447,834.2617094014042,20.165,29.446693705490965,4033,20
E2MACSScheduler,39.2141562461699,94.15678130085324,149.06016595439038,0.9977684106124474,0.29453785135701543,0.8982333428352676,0.0,792.1276609803468,20.165,2.611390305016687,4033,20
OracleScheduler,38.59907772823389,94.00234923682262,123.15482076480122,0.998016364988842,0.31905995329230175,0.9267403338872486,0.0,905.3958362253162,20.165,1.0592753371437842,4033,20
RandomScheduler,51.06319385397057,136.88923490921775,188.8720312435782,0.9595687331536388,0.30495498684604133,0.8543877780156156,0.0,898.1819013906796,22.26,9.573230798112347,4452,22
RoundRobinScheduler,41.22229991845468,93.26034085666635,132.64684813349274,0.9894429469901168,0.30973370847929393,0.8533166782036249,0.0,890.853003785335,22.26,3.228855201173381,4452,22
LoadBalanceScheduler,37.37353124711434,87.60666269284964,113.21368231046623,0.9943845462713388,0.11231038490255069,0.8561531476493768,0.0,835.3800417675526,22.26,1.7278442194683141,4452,22
FastestResponseScheduler,482.9750109990168,1332.7790427133366,1675.2117358198225,0.3088499550763702,0.9439639736907632,0.8541990771358515,0.9439639736907632,879.2571296763307,22.26,31.54544826053548,4452,22
E2MACSScheduler,40.678334114726944,95.36087986915227,160.63301585608656,0.9977538185085355,0.34025895069427464,0.8941310090373189,0.0,833.4906852531226,22.26,3.1524924351331793,4452,22
OracleScheduler,39.29746677048129,95.30026013995182,134.4395589344714,0.9973045822102425,0.35578834029205103,0.9279375166052011,0.0,952.126023533587,22.26,1.3486379310890553,4452,22
RandomScheduler,52.41502887060429,140.48342208749142,194.62917096549,0.9531958762886598,0.34424388140558354,0.8559172041705985,0.0,936.7986071570974,24.25,10.054671300881513,4850,24
RoundRobinScheduler,42.058113247316584,93.87032517652615,137.2722963830028,0.9870103092783505,0.3366460548569437,0.8534270060410031,0.0,928.9324258608875,24.25,3.9041076496443035,4850,24
LoadBalanceScheduler,37.88583035182257,88.71918421400835,116.47010210766412,0.9929896907216494,0.1329501561206384,0.8562241801612376,0.0,874.2338647675846,24.25,2.1232600556852366,4850,24
FastestResponseScheduler,2378.8698519359455,6077.373891493026,6531.931317439902,0.008247422680412371,1.0293401687387136,0.8541051154435569,1.0293401687387136,927.016603477038,24.25,34.47433297578713,4850,24
E2MACSScheduler,43.590323993846134,136.4326456837798,216.94744446978376,0.9989690721649485,0.4991292243219497,0.9242054677500527,0.0,923.8217230248542,24.25,4.504365137505944,4850,24
OracleScheduler,39.603439542531,96.29347221800055,134.19601868088134,0.9971134020618557,0.3840180095251615,0.9253802727311317,0.0,992.8554784547696,24.25,1.5560974069732343,4850,24
RandomScheduler,53.83101203077505,145.85360865270403,204.3411549198175,0.9437369321421782,0.35830669889019134,0.8537528092485367,0.0,974.1242677362887,26.305,11.01985158262447,5261,26
RoundRobinScheduler,42.65043006519616,95.04541571300251,143.50161110785672,0.984793765443832,0.36260269398309913,0.8530286223338734,0.0,966.5928581290779,26.305,4.512419774594805,5261,26
LoadBalanceScheduler,38.340577016251565,89.03497545454897,129.52474346462552,0.9920167268580118,0.14970320369900228,0.8545241659412992,0.0,912.0178200164264,26.305,2.64644735050506,5261,26
FastestResponseScheduler,10970.790362675758,21408.24806818466,22127.63301488344,0.0022809351834252043,1.1105742183285143,0.8539114445578252,1.1105742183285143,999.8552999254332,26.305,34.40806182130752,5261,26
E2MACSScheduler,39.555559707526456,91.27966412006572,123.94029434288564,0.9965785972248622,0.20865920692614118,0.8636184405482646,0.0,930.08127466102,26.305,2.4962514337491295,5261,26
OracleScheduler,39.93372921606796,98.01788197296446,164.0615822342202,0.9971488310207185,0.4142797607304999,0.9232681120613371,0.0,1032.002749480671,26.305,1.7296299385379623,5261,26
RandomScheduler,57.00508975899108,154.70898834210652,235.9297850608773,0.9339572664665372,0.3920938104877419,0.8537200879607583,0.0,1007.0481877571787,28.315,11.82839423550807,5663,28
RoundRobinScheduler,43.496069535682395,98.86648631447486,146.01730431600865,0.9821649302489847,0.3903272848582938,0.8525098375845206,0.0,1004.5660815337454,28.315,5.343053035417581,5663,28
LoadBalanceScheduler,38.88526974157515,89.62218495281176,130.43078603254835,0.9890517393607628,0.17439876993313796,0.854148254798119,0.0,950.3921787957287,28.315,3.1265332156813725,5663,28
FastestResponseScheduler,19477.42775450363,36707.87450543186,38464.29971187752,0.0019424333392194949,1.1936921738717172,0.8536493334929415,1.1936921738717172,1074.6303085941195,28.315,34.81913257897318,5663,28
E2MACSScheduler,40.67212364522417,91.670808885568,122.67965952913187,0.9938195302843016,0.24564602132453678,0.8554499548680128,0.0,969.30360697088,28.315,3.038693950664719,5663,28
OracleScheduler,40.497980354670524,99.10736024497308,176.92897343127424,0.9945258696803814,0.4396115827327586,0.920455243613875,0.0,1071.375527409826,28.315,2.016496870569008,5663,28
RandomScheduler,59.485563523712706,160.7705301192176,241.4270937384033,0.9249338624338624,0.43462453068833234,0.8554955021593279,0.0,1039.961622546483,30.24,12.96105361026262,6048,30
RoundRobinScheduler,44.67396821383497,105.88877926556417,149.48619024238525,0.9790013227513228,0.4198825187103657,0.8526104266861193,0.0,1043.165367479866,30.24,6.128669515601072,6048,30
LoadBalanceScheduler,39.570228170292324,90.41934643537236,134.2343571002334,0.9872685185185185,0.19120259819925964,0.853407199800248,0.0,989.0743653886298,30.24,3.591417967687067,6048,30
FastestResponseScheduler,27940.557035252412,52211.309578282555,54398.89145425899,0.0018187830687830687,1.2771305023526283,0.85383893421461,1.2771305023526283,1149.6981585807866,30.24,34.46823412991891,6048,30
E2MACSScheduler,45.23477997845033,145.8651637272875,246.53094822128648,0.9965277777777778,0.5900626589520374,0.9159061949042668,0.0,1050.5346552943406,30.24,5.041050336391591,6048,30
OracleScheduler,41.62577298028296,104.92658913703036,184.00618583627684,0.9922288359788359,0.46977970961536686,0.9188696160804671,0.0,1114.82392900168,30.24,2.162556636613654,6048,30
RandomScheduler,60.25602794593028,161.47191409675798,233.38932500415945,0.9252829018756782,0.4509908761276513,0.8529792757823823,0.0,1082.6941536030135,32.255,13.791833292429148,6451,32
RoundRobinScheduler,45.802027186599965,112.418019656225,155.488789954509,0.9741125406913657,0.4460832192859563,0.8526626668278557,0.0,1081.8028441053798,32.255,6.806753108228879,6451,32
LoadBalanceScheduler,40.191789052378425,91.01103120629261,140.73680548816014,0.9863587040768873,0.220124166074785,0.8549996315064805,0.0,1028.3812199814972,32.255,4.106845775168616,6451,32
FastestResponseScheduler,36357.21986718537,69047.38956925542,71975.43528214168,0.0017051619903890869,1.3605736412272647,0.8537602411442748,1.3605736412272647,1224.7763945148752,32.255,34.25511838295144,6451,32
E2MACSScheduler,45.24910120098565,145.4162041936886,247.92024005958524,0.9953495582080297,0.6036679255961849,0.9146341897562957,0.0,1096.5662716906354,32.255,4.99923047783256,6451,32
OracleScheduler,42.09399729806636,106.38115807540771,186.79025603569954,0.9933343667648427,0.49864796654755267,0.918641677502648,0.0,1151.8471122744422,32.255,2.3668340927722307,6451,32
RandomScheduler,64.94333750812947,176.41052972848925,287.995251038807,0.9121936989498249,0.4672718588301458,0.852015746501006,0.0,1120.2027356425906,34.28,14.73814892190061,6856,34
RoundRobinScheduler,47.15354504072514,119.34949680840302,156.7254142257283,0.970828471411902,0.47486173005918586,0.8527478671362948,0.0,1120.465955374756,34.28,7.784476564629745,6856,34
LoadBalanceScheduler,40.924198118369524,91.83867493441423,145.5738410798239,0.9848308051341891,0.24926232281180716,0.8550408488045497,0.0,1068.675445709882,34.28,4.662681824371676,6856,34
FastestResponseScheduler,45020.39431787206,84514.34229839749,88647.90309314748,0.0013127187864644108,1.4467959704726365,0.8536327225529415,1.4467959704726365,1302.3556985069372,34.28,34.35632441208501,6856,34
E2MACSScheduler,42.4584842433604,97.39925725887133,134.63835183102685,0.9916861143523921,0.3197803852405841,0.8580493364856251,0.0,1093.778805892026,34.28,4.162865967374824,6856,34
OracleScheduler,43.200938626478624,111.41388767526195,196.14973168252874,0.9902275379229871,0.5214991379208892,0.9150212986188586,0.0,1192.3407659902346,34.28,2.7232691651121415,6856,34
RandomScheduler,65.74056974496206,175.6509324833061,255.22392349832907,0.9058289799285125,0.5206559605815211,0.8540612936906071,0.0,1158.2228642658338,36.37,15.632831910720205,7274,36
RoundRobinScheduler,49.33353476020536,128.26775406432694,177.21586828128878,0.965081110805609,0.5080248566934781,0.8532065959597239,0.0,1165.197737224358,36.37,8.915551181468711,7274,36
LoadBalanceScheduler,42.2204482924075,95.22945628506146,149.5564462913984,0.9804784162771515,0.2770889262834106,0.8533528192134264,0.0,1111.5568135921583,36.37,5.565851847669425,7274,36
FastestResponseScheduler,53678.88588160391,100975.45613469563,105983.17066580725,0.0012372834753918065,1.5386628730958236,0.8538236074816951,1.5386628730958236,1385.0162238392518,36.37,34.417651463174025,7274,36
E2MACSScheduler,43.51242348749881,101.17165238475103,144.02255824181034,0.9892768765466043,0.34481009408778945,0.8618760456610193,0.0,1135.8985815845458,36.37,4.622653658890161,7274,36
OracleScheduler,44.762594274312306,117.69239263956698,214.01137992994438,0.9869397855375309,0.5532250538393287,0.9133516324480996,0.0,1234.3880792007085,36.37,3.0002327372984556,7274,36
RandomScheduler,69.48655591276882,187.20666808562092,282.88556941529276,0.8938961038961039,0.5253618385437163,0.853627890473554,0.5253618385437163,1205.0671677286239,38.5,16.33923850745266,7700,38
RoundRobinScheduler,51.05917110156719,132.74546491665112,181.45727742966787,0.9601298701298702,0.535667744774521,0.852950077562649,0.0,1208.6860576560168,38.5,9.80974496542368,7700,38
LoadBalanceScheduler,43.447743247380934,100.53752313190992,154.4292347541746,0.9777922077922078,0.3091369559994146,0.8535760514900266,0.0,1156.7320703898438,38.5,6.449920285844245,7700,38
FastestResponseScheduler,62443.781511187095,119296.3809315635,125080.41087811571,0.0011688311688311688,1.632393656471375,0.8539832735427164,1.632393656471375,1469.356701678618,38.5,34.45935208941833,7700,38
E2MACSScheduler,43.65534832076234,103.93316186877256,149.20383285596893,0.9871428571428571,0.3362334939934869,0.8404641415913982,0.0,1184.9542068369262,38.5,4.611701378812374,7700,38
OracleScheduler,46.20813257438394,123.80314346808191,238.8273547438239,0.9858441558441559,0.5925204917604436,0.9144097803221931,0.0,1276.3140443463797,38.5,3.351625047206758,7700,38
RandomScheduler,73.58542032568697,198.70670684622343,320.5208973606404,0.8798573536645352,0.5740957889102019,0.8551357066338978,0.5740957889102019,1247.203195249648,40.66,17.563919292838342,8132,40
RoundRobinScheduler,53.27595821255796,139.93153799694684,193.34683351810995,0.9516724053123463,0.5644925238452573,0.8529034044547202,0.0,1253.0693317261246,40.66,10.825378464169683,8132,40
LoadBalanceScheduler,44.78545422797599,106.14567336613874,158.37973927407137,0.9740531234628628,0.33918083290228024,0.8527659197771585,0.0,1202.845026973078,40.66,7.397206866866793,8132,40
FastestResponseScheduler,71416.58258450276,136841.46118970492,143656.39930263947,0.0011067388096409247,1.7239230859707373,0.85388084438753,1.7239230859707373,1551.7229453588084,40.66,34.653447690078,8132,40
E2MACSScheduler,47.75232096347106,133.82299356101842,251.40351205113888,0.985120511559272,0.5613724369775042,0.8730153764226868,0.0,1253.60751484716,40.66,6.421246485080317,8132,40
OracleScheduler,47.85489154086365,137.9912624474534,256.2627612193946,0.9820462370880472,0.6199535738533479,0.9105344565250706,0.0,1319.652337808621,40.66,3.6910884340056804,8132,40
RandomScheduler,75.53101855907197,213.0570364049411,310.8925090329561,0.8758475566986206,0.5812080184588894,0.8528630198009284,0.5812080184588894,1286.7564445205487,42.77,17.924866351728518,8554,42
RoundRobinScheduler,55.345159193640825,144.71885275337738,204.4837935796913,0.9442366144493805,0.5900788356575406,0.8524108224483328,0.0,1291.8434320834222,42.77,11.866152813382627,8554,42
LoadBalanceScheduler,45.818599398953005,116.11579620362119,158.45766488448427,0.9698386719663316,0.3688220097383855,0.8532771340047398,0.0,1242.7844674462212,42.77,8.215215208902686,8554,42
FastestResponseScheduler,80104.75148548545,154204.28583667232,160436.72637867308,0.0009352349777881693,1.8103167233193402,0.8538216220720912,1.8103167233193402,1629.4617251904333,42.77,34.43435176961289,8554,42
E2MACSScheduler,48.66261638161178,133.8941331124757,242.8608208262826,0.9830488660275895,0.5550477629958774,0.8685172375654812,0.0,1287.7759106452106,42.77,6.797863048237041,8554,42
OracleScheduler,50.058622328549944,170.18465778604786,273.41637952729207,0.9746317512274959,0.6527245890477407,0.9127999419322361,0.0,1358.4855882783047,42.77,4.020038592687234,8554,42
RandomScheduler,82.21899098757528,241.10762716531005,402.9442771049766,0.854030016675931,0.6149675931495626,0.8532856527497464,0.6149675931495626,1329.9993262848925,44.975,18.730442341243055,8995,44
RoundRobinScheduler,58.49383175068546,153.46393008660465,220.718871671229,0.933852140077821,0.6233474692973994,0.8527583841355089,0.0,1335.0040358519298,44.975,13.02326404815753,8995,44
LoadBalanceScheduler,47.77051256255183,124.58347814590505,172.04016150532513,0.9644246803779878,0.4064682424281692,0.8526932297514636,0.0,1287.7579377258864,44.975,9.326940576863954,8995,44
FastestResponseScheduler,89149.07178829945,171006.67679455352,179404.47323959024,0.0007782101167315176,1.9036917365070503,0.8537544859256473,1.9036917365070503,1713.4858353795846,44.975,34.51722377855555,8995,44
E2MACSScheduler,50.85142727676673,120.56946525767172,178.8896302085351,0.9748749305169538,0.5450763050878858,0.8658277330197787,0.0,1318.338989552966,44.975,7.75215817014914,8995,44
OracleScheduler,52.82184245655159,178.6753464968576,304.7124126886487,0.9673151750972763,0.6801386166645009,0.9093726395652519,0.0,1397.5614963238438,44.975,4.402467943243595,8995,44
RandomScheduler,84.41650532450231,228.5329684819004,357.8708824984745,0.8477265466936429,0.6266663371850256,0.8513073884129615,0.6266663371850256,1372.5682825020808,46.955,19.633443889642507,9391,46
RoundRobinScheduler,61.23697253528471,161.7641199813562,236.45838075470655,0.923117878820147,0.6489756967962603,0.8526741779251344,0.0,1372.4179883312775,46.955,13.938431286812675,9391,46
LoadBalanceScheduler,49.63352217978735,132.50235239574337,172.4837445420967,0.9550633585347673,0.43417957859688594,0.8518704244833372,0.0,1328.4017270332486,46.955,10.549130931149481,9391,46
FastestResponseScheduler,97870.17725531574,188220.32079964277,196105.66760533367,0.0007453945266744755,1.9888942498026487,0.8538064258391452,1.9888942498026487,1790.1607458901767,46.955,34.1806593062259,9391,46
E2MACSScheduler,54.9805800605671,125.54831787419829,177.95676927329202,0.9552763283995315,0.6095864772378431,0.858095217047781,0.0,1346.586098247568,46.955,8.966264554256098,9391,46
OracleScheduler,56.43940428143665,192.07293370331513,347.64371431388685,0.9587903311681397,0.7034549470872298,0.9080147918480159,0.7034549470872298,1438.282593478439,46.955,4.807320933376217,9391,46
RandomScheduler,91.48007214067617,257.7525047631325,371.0357339333315,0.8193384223918575,0.676124877813388,0.8522465899763825,0.676124877813388,1423.9003367334037,49.125,20.803229545764818,9825,48
RoundRobinScheduler,65.40697216153032,172.40863786540785,250.3088979203586,0.9076844783715012,0.6791596120070339,0.85272464477616,0.0,1418.4622485689072,49.125,15.651206641747166,9825,48
LoadBalanceScheduler,52.02009408889421,140.61224587858874,183.5731720060435,0.9487022900763359,0.468738651895486,0.8520502990336791,0.0,1374.830370885514,49.125,11.76023347871636,9825,48
FastestResponseScheduler,106890.83648666443,205101.67739873196,215111.33034832397,0.000712468193384224,2.08488606666407,0.8539787179847494,2.08488606666407,1876.5444958696999,49.125,34.246531714070265,9825,48
E2MACSScheduler,54.92877644425861,135.42896082257198,201.79944907278642,0.9554198473282443,0.5980445985789641,0.8510761430049892,0.0,1389.9625328535776,49.125,9.226054919240944,9825,48
OracleScheduler,59.132822683264436,204.50037758655523,372.59270738591573,0.9540966921119592,0.7425374392361073,0.9091941292494218,0.7425374392361073,1477.7824541571056,49.125,5.09300329637591,9825,48
RandomScheduler,100.01706862087352,284.4600655555709,398.81632241631945,0.8050996483001173,0.7223297288713231,0.8538916249938578,0.7223297288713231,1466.5204265487685,51.18,21.552553176586983,10236,50
RoundRobinScheduler,69.28471764177843,183.3074831389574,272.5109164523352,0.8927315357561547,0.7087658553897438,0.8529466417963458,0.0,1458.970921691062,51.18,16.6809031447844,10236,50
LoadBalanceScheduler,54.26591201693016,147.23079106683556,190.67967787838842,0.9417741305197342,0.500393539814416,0.8525010140922056,0.0,1416.4253365633729,51.18,13.109806227023128,10236,50
FastestResponseScheduler,115854.56948667517,223232.03958915678,232682.82734083626,0.0006838608831574833,2.17442963132427,0.8540200858846483,2.17442963132427,1957.1229292959392,51.18,34.4917150326301,10236,50
E2MACSScheduler,68.87360928316357,190.9743339714005,260.9984240128348,0.9497850722938648,0.7338745872407247,0.8677654125592028,0.7338745872407247,1352.7869513886412,51.18,13.616570107060161,10236,50
OracleScheduler,63.8544952203868,232.23618829918635,382.5484378298203,0.9403087143415396,0.7608137354845311,0.9057157153368617,0.7608137354845311,1520.2557103224976,51.18,5.620979459026972,10236,50
RandomScheduler,117.68888666731506,343.66381043428976,599.326900621963,0.7673323285606631,0.7511136634131816,0.8538614918233934,0.7511136634131816,1506.6075619139813,53.08,22.74994294031554,10616,52
RoundRobinScheduler,73.8871787582852,197.96736187753083,289.4022004824813,0.8794272795779955,0.7349818734873041,0.8528358826798507,0.7349818734873041,1497.789221884786,53.08,17.809651777112983,10616,52
LoadBalanceScheduler,56.87949598719997,151.79539047659674,207.11771393919778,0.9316126601356444,0.5404060904865905,0.8532574235382274,0.0,1456.0747036338362,53.08,14.444853107580993,10616,52
FastestResponseScheduler,124016.17953428185,238695.39432335453,248612.80745648485,0.0006593820648078372,2.255104845141742,0.8540179774280712,2.255104845141742,2029.7230910136832,53.08,33.99914043850791,10616,52
E2MACSScheduler,70.73578682612188,180.60711637529536,264.1450020268565,0.9311416729464959,0.7784122508949028,0.8582361680451934,0.0,1423.073335977267,53.08,14.188523623955641,10616,52
OracleScheduler,67.59511381274062,253.02659119239567,400.94142914713217,0.9316126601356444,0.7846763695145421,0.9032096313122263,0.7846763695145421,1556.678507867283,53.08,5.944014097853418,10616,52
RandomScheduler,120.32766571857299,332.16046614047866,619.0801963598254,0.7559669661493783,0.7773923958129392,0.8535876957085419,0.7773923958129392,1534.4483807549052,55.095,23.471002584578386,11019,54
RoundRobinScheduler,79.05303068415454,212.89292136765712,311.51495396994267,0.8631454759960069,0.7614437634622258,0.8527636675237577,0.7614437634622258,1531.123981653782,55.095,18.79758032984646,11019,54
LoadBalanceScheduler,59.238789803399506,158.05149722653056,222.93444262060416,0.9240402940375715,0.5676327724186336,0.8525209160085949,0.0,1492.5622774444246,55.095,15.459128217652056,11019,54
FastestResponseScheduler,132708.88616772753,254555.01335222198,264280.60736364283,0.0006352663581087213,2.3311175901283026,0.8538135530346836,2.3311175901283026,2098.12315779587,55.095,34.65352755254345,11019,54
E2MACSScheduler,69.03302670917641,157.61223559457284,223.45047645290992,0.9003539341138034,0.752087496373253,0.8402180683771032,0.0,1526.2494467401175,55.095,12.871043180554524,11019,54
OracleScheduler,77.66146971873863,300.56879301451085,540.7460022351792,0.9069788547055087,0.8124475370190944,0.9022403466116157,0.8124475370190944,1587.3016453371004,55.095,6.325670313313509,11019,54
RandomScheduler,137.52837233310728,437.774720509908,669.090082190925,0.7129718840325829,0.8258071451107497,0.854910417643563,0.8258071451107497,1573.7040619981242,57.085,24.30219680845387,11417,56
RoundRobinScheduler,85.81977774913251,237.98249621180773,347.72400244345374,0.8399754751686083,0.7885703699213171,0.8526949828795426,0.7885703699213171,1570.1411771042756,57.085,20.029982653957294,11417,56
LoadBalanceScheduler,62.58626047506173,165.47020666959895,238.01301579598262,0.9126740825085399,0.6046920969158823,0.853111481307331,0.0,1533.2566385759062,57.085,16.345546058081926,11417,56
FastestResponseScheduler,141354.09752907298,270345.97835573973,280012.195275898,0.0006131207847946045,2.4140863860160993,0.8536977495347989,2.4140863860160993,2172.7860295998953,57.085,34.513443463510725,11417,56
E2MACSScheduler,66.02845050664185,186.39858617206613,297.89332940773124,0.9261627397740212,0.7009420306422821,0.8484938935479145,0.7009420306422821,1537.3657226926668,57.085,12.278128362995224,11417,56
OracleScheduler,88.34848418973324,362.7802474396026,631.7820781817034,0.8849084698256985,0.8368349206716972,0.9030676271628562,0.8368349206716972,1623.418659901638,57.085,6.735265759307597,11417,56
RandomScheduler,153.22642756619038,479.27424434902724,709.157357977372,0.6690093141405589,0.8473015233102391,0.8541837260113166,0.8473015233102391,1618.0131856921998,59.05,25.330532050104818,11810,58
RoundRobinScheduler,93.25933877045053,260.7749513773882,375.14788198677365,0.8149872988992379,0.814399305106616,0.85270630190111,0.814399305106616,1605.4690140659584,59.05,21.127113595594714,11810,58
LoadBalanceScheduler,66.51392939635632,173.24057527429548,246.32416797099583,0.9016088060965284,0.6361611553195314,0.8524077212696766,0.0,1569.2241134441838,59.05,17.924580204490578,11810,58
FastestResponseScheduler,149667.35852282366,284280.34928079136,295036.4424975306,0.0005927180355630821,2.49098820843767,0.8534636757988163,2.49098820843767,2241.995057485342,59.05,34.47216551750425,11810,58
E2MACSScheduler,71.01924945426417,198.03072165653407,289.73582217831495,0.9079593564775614,0.7715373295364294,0.8374900819576545,0.7715373295364294,1597.4784812946682,59.05,13.22220903923903,11810,58
OracleScheduler,93.95413573056057,382.0722373225818,643.1508659576864,0.8712108382726503,0.8608918329207539,0.9002255901492193,0.8608918329207539,1658.5745337855747,59.05,7.300592808982893,11810,58
RandomScheduler,192.06976196872296,694.2625025702852,1079.7100051873306,0.634386540828888,0.8723039588814266,0.8535424830593826,0.8723039588814266,1647.8031669204033,60.925,26.005308585782316,12185,60
RoundRobinScheduler,103.10906130465733,297.81658289076057,450.82392639412495,0.7858022158391464,0.8428562108533597,0.8528665454073238,0.8428562108533597,1639.1616915571249,60.925,22.147258828420675,12185,60
LoadBalanceScheduler,70.79230558963668,187.26312130405057,268.1890710717801,0.8862535904800984,0.6640145021204502,0.8521510765704585,0.6640145021204502,1604.9288614609463,60.925,19.307120754567457,12185,60
FastestResponseScheduler,157944.36184246623,299098.825105217,310973.5899365645,0.0004924086992203529,2.567511542009736,0.8533924751166001,2.567511542009736,2310.8557828118724,60.925,34.377514710328796,12185,60
E2MACSScheduler,81.4925767094128,225.41319049492733,304.1953034988955,0.8910956093557653,0.8457388042781262,0.8471905158733405,0.8457388042781262,1572.6849791748243,60.925,15.737861285882763,12185,60
OracleScheduler,104.83147382021663,444.79257316666803,677.9381278028392,0.8438243742306114,0.8673313994827359,0.8994374470385422,0.8673313994827359,1688.7209517471613,60.925,7.554128653227441,12185,60
RandomScheduler,224.34717409709816,854.3511258647334,1401.1239537057775,0.5937947494033413,0.8876114838542809,0.8534317364902463,0.8876114838542809,1688.3421554119748,62.85,26.60220711015299,12570,62
RoundRobinScheduler,115.24369135522122,335.2130927154049,541.3244529316321,0.7552903739061257,0.868347413563245,0.852877269130168,0.868347413563245,1675.1156501884702,62.85,23.174514842647657,12570,62
LoadBalanceScheduler,76.01866253150703,199.90823297011562,293.78937168879344,0.8690533015115354,0.7013652182363928,0.8541330073436451,0.7013652182363928,1640.5871324321542,62.85,20.684545710654362,12570,62
FastestResponseScheduler,166100.25257420653,313881.3595262853,326648.8733202452,0.0005568814638027049,2.6472835973152327,0.8533265267071871,2.6472835973152327,2382.64771263669,62.85,34.6291000252422,12570,62
E2MACSScheduler,76.44806035448195,198.82116287164268,298.73834998112466,0.8780429594272077,0.786362304128921,0.8313318728232673,0.786362304128921,1650.7667032410327,62.85,14.800973469409305,12570,62
OracleScheduler,127.86149446441524,563.8235845159626,902.5202581427584,0.8143198090692124,0.9040936266584637,0.8980738084905757,0.9040936266584637,1722.8337613133822,62.85,8.130919197411039,12570,62
RandomScheduler,192.51073943989937,538.1099303086934,814.8566145578762,0.573518090839107,0.9033395181816104,0.8531688351307244,0.9033395181816104,1725.1412277573165,64.95,28.06091228933045,12990,64
RoundRobinScheduler,133.50917824424957,393.8059479150594,632.0472505180671,0.7107005388760586,0.9000677221344371,0.8530287135976456,0.9000677221344371,1715.1792024997967,64.95,24.53300446280728,12990,64
LoadBalanceScheduler,82.76020233115202,226.87468989289664,324.1969357857462,0.8457274826789838,0.7346745978967938,0.8534276656062525,0.7346745978967938,1681.1115067955625,64.95,22.073621301552063,12990,64
FastestResponseScheduler,174964.15761275293,330676.40748089616,344058.6095485418,0.0005388760585065435,2.736274781503086,0.8534073554561632,2.736274781503086,2462.73422375011,64.95,34.54465140916663,12990,64
E2MACSScheduler,97.2570557497721,263.440817386808,363.4328965578765,0.8364896073903002,0.8831262972323796,0.8605461177373804,0.8831262972323796,1681.1364390498081,64.95,17.464943741515846,12990,64
OracleScheduler,173.00714724950683,778.7951379632062,1262.297577296736,0.7484218629715166,0.9114417029034688,0.8973894345872396,0.9114417029034688,1761.1592243089506,64.95,8.662070365676527,12990,64
RandomScheduler,320.7621686765439,1224.2096646318757,1840.4924532555117,0.49140636676132116,0.9459274957339738,0.8535143168309054,0.9459274957339738,1770.7059944616005,66.91,28.495367437739063,13382,66
RoundRobinScheduler,161.94049815923813,488.78189411487637,843.9783631875215,0.6520699447018383,0.9267683071501335,0.8529262641212266,0.9267683071501335,1754.3992324662368,66.91,25.80019587062009,13382,66
LoadBalanceScheduler,92.54380440303429,252.3170420579738,358.09638110301233,0.8179644298311164,0.7673658182718814,0.8515207010044373,0.7673658182718814,1721.782769573128,66.91,23.699610852678237,13382,66
FastestResponseScheduler,183092.27977786039,345488.0360311414,359669.3201612739,0.0005230907188761022,2.815952332812673,0.8533357091318716,2.815952332812673,2534.442522452816,66.91,34.182007963265875,13382,66
E2MACSScheduler,113.74103415667192,279.3634396250994,385.06649461284417,0.7610969959647288,0.9360252012471344,0.8467118207760174,0.9360252012471344,1713.9660347836866,66.91,19.813481698748493,13382,66
OracleScheduler,250.40929789604905,1241.8105149166224,1656.362031904648,0.7052010162905396,0.9332562281966632,0.8964520653007977,0.9332562281966632,1795.0451828031325,66.91,9.00209406891886,13382,66
RandomScheduler,338.4666586458959,1161.2702267982395,1634.636127718948,0.464138081079121,0.965410006098863,0.8523649675892003,0.965410006098863,1807.8930839618508,68.945,29.309145046935903,13789,68
RoundRobinScheduler,208.52431192816854,696.7663775767498,969.4497857364177,0.5849590253100297,0.9595215855244935,0.8532956398043036,0.9595215855244935,1795.9132637841694,68.945,27.10671296058693,13789,68
LoadBalanceScheduler,103.13209969206423,288.2393749751144,401.11694262758607,0.7832330118210168,0.8000064549379158,0.8556601795485715,0.8000064549379158,1760.4347970447957,68.945,25.268922461006387,13789,68
FastestResponseScheduler,191628.86247056673,361279.9350043455,377106.2161418251,0.00043512945101167595,2.9028197966287843,0.8533255678944193,2.9028197966287843,2612.6158760446297,68.945,34.40698343068219,13789,68
E2MACSScheduler,124.48274092832739,317.9741045529845,461.9649470609117,0.7254333164116324,0.9394928666698781,0.853782502907906,0.9394928666698781,1809.8166490798226,68.945,19.886856164498255,13789,68
OracleScheduler,432.44035739642186,2402.3808012615928,4169.724594500619,0.6600188556095439,0.9505955745411613,0.8972332416115988,0.9505955745411613,1830.3254968268761,68.945,9.467338312832696,13789,68
RandomScheduler,443.4789792866651,1422.0911905955943,1996.3489264116242,0.36971533258173617,0.9836711698632571,0.8533702480083274,0.9836711698632571,1845.3473476594525,70.96,29.74413915208184,14192,70
RoundRobinScheduler,343.2466548865688,1354.843949388227,1725.562245812138,0.49337655016910936,0.9875008281658734,0.8531572846182187,0.9875008281658734,1834.7617583110127,70.96,28.71935392683184,14192,70
LoadBalanceScheduler,120.59028062589132,341.46984010871364,445.24406140766945,0.7345687711386697,0.8408626674808533,0.8543131820147882,0.8408626674808533,1803.1726124574284,70.96,27.09739428839756,14192,70
FastestResponseScheduler,199902.86222375976,377367.1782113825,394170.9984915704,0.00042277339346110483,2.9904776541233615,0.8533673531505749,2.9904776541233615,2691.4997673411162,70.96,34.289769575459744,14192,70
E2MACSScheduler,140.16106157419944,364.7921585726038,511.05692296608674,0.6781989853438557,0.9367256099934567,0.8431489365913357,0.9367256099934567,1874.1735193586912,70.96,20.71442537094963,14192,70
OracleScheduler,717.7092469477458,4342.488674581528,6099.340629415644,0.5818066516347238,0.9792175728240977,0.8957176386387108,0.9792175728240977,1869.7384731639552,70.96,10.169547664831432,14192,70
RandomScheduler,1213.7778105105897,5704.909902835254,6253.445030679994,0.31514652391737014,1.0206671803303033,0.853292627480361,1.0206671803303033,1891.938967287349,72.855,30.652644890517692,14571,72
RoundRobinScheduler,711.7078516000603,2922.124286075089,3560.542729292191,0.4215908311028756,1.0154425806521352,0.8531703815049909,1.0154425806521352,1879.9885179874577,72.855,29.348776184507393,14571,72
LoadBalanceScheduler,143.09486239301938,399.1786187195743,528.8667284234772,0.674970832475465,0.87331574766789,0.8536265879789767,0.87331574766789,1844.4542265612074,72.855,28.597584957111426,14571,72
FastestResponseScheduler,208363.95312770637,393411.01957918593,410839.2317797197,0.00041177681696520483,3.075588016288039,0.853539770918235,3.075588016288039,2768.0969132173254,72.855,34.21955046018452,14571,72
E2MACSScheduler,127.51312875251105,338.9594549656323,505.34592396776776,0.7169720678059158,0.9148665326106324,0.8369482052565304,0.9148665326106324,1857.1944907259817,72.855,20.293551917288802,14571,72
OracleScheduler,1637.3644621116866,9081.47917369422,9945.979581023252,0.5298881339647245,0.9848885603946494,0.8919105280803511,0.9848885603946494,1939.4564661133586,72.855,10.445822446855798,14571,72
RandomScheduler,1627.3457988125726,7582.692668572167,8403.859877142962,0.2885489043292357,1.0379749875349693,0.8531581341155097,1.0379749875349693,1948.5159191545138,74.84,31.023284245814903,14968,74
RoundRobinScheduler,1724.6898501727992,7350.407273289408,9105.471208671877,0.36651523249599144,1.043135441259312,0.853089997914515,1.043135441259312,1933.5721840515303,74.84,30.054404094559025,14968,74
LoadBalanceScheduler,177.70542788985097,475.06193070094986,625.6628880839587,0.5851149118118654,0.9058281861467813,0.8542331733532705,0.9058281861467813,1884.5789827763415,74.84,30.950334022465352,14968,74
FastestResponseScheduler,216311.57113896793,409399.83566170436,427055.0643239683,0.0004676643506146446,3.1561903238971944,0.8533786862549775,3.1561903238971944,2840.634473843986,74.84,34.34516853413214,14968,74
E2MACSScheduler,158.3211665363752,409.09616979801666,601.9402674042497,0.615847140566542,0.9744674483608418,0.8449991731823508,0.9744674483608418,1875.9416048069713,74.84,22.691332328480826,14968,74
OracleScheduler,3724.8931449722945,19963.542325871444,21684.936204769998,0.5186397648316409,0.9906654992450129,0.8942931584717496,0.9906654992450129,2018.9392163527411,74.84,10.778572297214776,14968,74
RandomScheduler,3245.929175367032,13486.259131400555,15301.601730325743,0.21741393896010933,1.076490816344214,0.8542273950506291,1.076490816344214,2001.8950819880529,76.835,32.12854641523701,15367,76
RoundRobinScheduler,2674.1321893520476,11971.676902527279,14134.848090786973,0.32159822997331944,1.0712070526912918,0.8531161860985139,1.0712070526912918,1984.423657603671,76.835,30.71065901313732,15367,76
LoadBalanceScheduler,319.6875770595605,972.3813913895895,1208.2956384677009,0.44920934469968116,0.940783477258266,0.853397876002065,0.940783477258266,1922.9779553435658,76.835,32.622014162591185,15367,76
FastestResponseScheduler,225074.58783253652,426243.0107286538,444342.42809259065,0.0003904470618858593,3.242965802387059,0.8534742272803021,3.242965802387059,2918.730493396156,76.835,34.4756635660093,15367,76
E2MACSScheduler,214.87841428431415,535.9203529921621,818.5634819270874,0.47959914101646384,0.9861639582997651,0.855660860944304,0.9861639582997651,1927.8288555124254,76.835,24.403236215732004,15367,76
OracleScheduler,4531.300361730618,20275.70500857207,22794.35382218961,0.4727663174334613,1.038268225770158,0.8928585103915563,1.038268225770158,2052.2197287151826,76.835,10.796703712003561,15367,76
RandomScheduler,4129.58655126537,16048.598935624728,17660.610386241937,0.1858799670448064,1.0894440643615027,0.8526869057416137,1.0894440643615027,2048.679849633041,78.895,32.34515619014835,15779,78
RoundRobinScheduler,3773.2103667463766,16754.503153934293,19909.603706054204,0.269979086127131,1.1039861291880955,0.8533834090467718,1.1039861291880955,2039.2438226369113,78.895,31.510624485880378,15779,78
LoadBalanceScheduler,508.6652028364955,1636.8504103214705,2153.115785475103,0.3392483680841625,0.9708359140225205,0.8547821959875663,0.9708359140225205,1962.8679608891541,78.895,34.459485824607775,15779,78
FastestResponseScheduler,233754.88700446184,442589.1933447216,461880.0991786473,0.00038025223398187465,3.3330519652793695,0.8536389135562242,3.3330519652793695,2999.804055296451,78.895,34.39014240635538,15779,78
E2MACSScheduler,257.5666091768586,669.4194910820256,1054.3701599032727,0.41117941567906713,0.9928897165005758,0.8590408689641345,0.9928897165005758,1955.9199865352489,78.895,24.834228799043906,15779,78
OracleScheduler,6712.090280299487,27859.287185963207,29906.464374877654,0.4727169022118005,1.0792739077510412,0.8921553914515717,1.0792739077510412,2121.6582533431374,78.895,11.008456713982833,15779,78
RandomScheduler,6647.286359909512,22908.947244938216,27372.000911730796,0.1676765178681835,1.1388863952939567,0.8537438486608723,1.1388863952939567,2119.331271308386,80.87,32.55647852822001,16174,80
RoundRobinScheduler,5009.403985299557,22306.92852479605,25703.872250471806,0.2005688141461605,1.1290185756491349,0.8531488766504616,1.1290185756491349,2090.206959075496,80.87,32.046161827052565,16174,80
LoadBalanceScheduler,1206.000847220535,2969.625841334719,3708.082929130687,0.07023618152590577,1.0036280973098817,0.8540574500312116,1.0036280973098817,2008.157400641742,80.87,36.530951066799375,16174,80
FastestResponseScheduler,242418.83612658776,459016.57690771605,478887.02770730795,0.0003709657474959812,3.4177769297316796,0.8535951414516579,3.4177769297316796,3076.054746916534,80.87,33.80371486101908,16174,80
E2MACSScheduler,347.67840129256166,1069.6389661490548,1712.319341898143,0.32032892296277976,0.9942892147546576,0.8705921704667121,0.9942892147546576,1972.255818356351,80.87,25.62979419928905,16174,80
OracleScheduler,8667.668705340722,37527.391119844055,44301.74842224497,0.4501669345863732,1.0584592198709715,0.8894646184737532,1.0584592198709715,2208.7044940863602,80.87,11.391180321832987,16174,80
RandomScheduler,8197.967341569009,28505.792557982324,32804.57817988151,0.1607315306615162,1.1692696966041025,0.8538032540126542,1.1692696966041025,2169.495198169256,82.84,32.55725257082618,16568,82
RoundRobinScheduler,6584.232579212934,27204.070308166192,31167.639237410025,0.15922259777885078,1.1582080184510481,0.8531479276928282,1.1582080184510481,2142.8915472348904,82.84,32.52737423580572,16568,82
LoadBalanceScheduler,3126.054175828345,5908.863513937614,6484.193115162685,0.013580395943988412,1.032657764606236,0.8546855672951507,1.032657764606236,2059.3759945570205,82.84,36.81043261201566,16568,82
FastestResponseScheduler,250495.4990495783,475036.8787040194,495138.51877724665,0.00036214389183969096,3.503098973975095,0.853685042902023,3.503098973975095,3152.840102388885,82.84,34.34084191236702,16568,82
E2MACSScheduler,501.59168461362157,1655.5692526977782,2780.3595621473223,0.21523418638338968,1.0026818201901733,0.8911359454643404,1.0026818201901733,1996.7289526660843,82.84,26.546215299248793,16568,82
OracleScheduler,9800.066105951502,37672.618938506974,43997.18659902298,0.45352486721390634,1.128019506511188,0.8907986270885052,1.128019506511188,2244.305504263491,82.84,11.275127760759839,16568,82
RandomScheduler,9061.649332527366,32110.728100579203,36816.337663182436,0.10537177899640308,1.1836476604373605,0.8528882201768312,1.1836476604373605,2198.872549849013,84.795,33.15588520154205,16959,84
RoundRobinScheduler,8052.338364347468,31420.846742436624,35671.46386907367,0.11498319476384221,1.1792937408171769,0.8530072205127007,1.1792937408171769,2188.01192954466,84.795,33.14983509839421,16959,84
LoadBalanceScheduler,5637.56746163632,10874.600859261327,11918.302684603108,0.00766554631758948,1.0575410090178488,0.8551855505347331,1.0575410090178488,2106.7076847252324,84.795,36.758205175253565,16959,84
FastestResponseScheduler,258671.72132842932,490645.16316420084,511315.63019120827,0.0003537944454272068,3.579640735395775,0.8535643216829105,3.579640735395775,3221.7212068682793,84.795,34.663658405270965,16959,84
E2MACSScheduler,913.7025787243045,2817.35865893259,4717.754585442242,0.09711657526976826,1.00768365695239,0.9457149842914234,1.00768365695239,2008.0947890493924,84.795,27.580924013381622,16959,84
OracleScheduler,11842.743210140969,45455.55432728188,52433.850810235774,0.46052243646441415,1.145114122616939,0.8936235289040625,1.145114122616939,2298.731389502263,84.795,11.396922160767762,16959,84
RandomScheduler,11308.442133831531,38069.67280170694,41661.02109766173,0.07268011527377521,1.216147270622789,0.8530102325486542,1.216147270622789,2253.1333067479804,86.75,33.18797365608163,17350,86
RoundRobinScheduler,9833.562176132102,36233.3553823754,41050.311268755555,0.07279538904899135,1.207713670968415,0.853057546627819,1.207713670968415,2238.5287441189275,86.75,33.54181951735462,17350,86
LoadBalanceScheduler,8438.694320508745,16291.289556849237,17200.847662728156,0.004956772334293948,1.0852277034492182,0.8521690613663481,1.0852277034492182,2159.951694318944,86.75,36.884252332314695,17350,86
FastestResponseScheduler,266885.134683191,506670.88481765747,526587.6928595548,0.000345821325648415,3.657927728487121,0.8534893846687687,3.657927728487121,3292.1754402981674,86.75,34.314022659627,17350,86
E2MACSScheduler,1939.8448149118205,5984.164457338524,8082.840938976583,0.036657060518731986,1.0294826091467049,0.95,1.0294826091467049,2045.1240400371785,86.75,27.299115045115006,17350,86
OracleScheduler,14022.673818333082,52314.315607233126,62709.76367541964,0.45037463976945247,1.1683384804702022,0.8910674187417505,1.1683384804702022,2381.2109707349955,86.75,11.405653553157714,17350,86
RandomScheduler,13276.342382727262,41420.035728462026,47417.97792320572,0.041283627544977726,1.2426531919651638,0.8536532473949926,1.2426531919651638,2300.7682423123824,88.655,33.26731351296483,17731,88
RoundRobinScheduler,11694.518630843777,41032.183941791955,45894.637478633405,0.03536179572500141,1.23976426201476,0.8533302076961425,1.23976426201476,2289.6965198575112,88.655,33.924427338874594,17731,88
LoadBalanceScheduler,10611.962367346276,19473.093054855923,22410.643240611706,0.004568270261124584,1.1133547489407476,0.8539145154961945,1.1133547489407476,2207.9274374693646,88.655,36.64286801928999,17731,88
FastestResponseScheduler,275119.23201523174,522331.4765764358,542623.7980834601,0.00028199199142744344,3.7443289514667146,0.8535955281379555,3.7443289514667146,3369.9378357647524,88.655,34.34378734490742,17731,88
E2MACSScheduler,3799.9173432559696,12142.363773956646,14794.024517873338,0.01720151147707405,1.0671976938695829,0.95,1.0671976938695829,2104.6554773716207,88.655,27.645710680383353,17731,88
OracleScheduler,15162.257079669605,54955.865245176,62507.18110389456,0.4413738649822345,1.222314966327246,0.8919602387043892,1.222314966327246,2410.344697288461,88.655,11.482379014165515,17731,88
RandomScheduler,14910.738526923291,47751.943723913624,53004.55867811896,0.02106424041907913,1.2783791212158244,0.8534794642700091,1.2783791212158244,2359.4398380247485,90.675,33.90510294117282,18135,90
RoundRobinScheduler,14179.22628113334,45758.38952297123,51351.631769623695,0.003915081334436173,1.266072797214257,0.8532986948669977,1.266072797214257,2345.175519632131,90.675,33.90610622941804,18135,90
LoadBalanceScheduler,13078.833133729171,23959.051649682155,26409.297809738182,0.003363661428177557,1.144389257299906,0.852929683554604,1.144389257299906,2263.2612138632026,90.675,36.44523089993846,18135,90
FastestResponseScheduler,283627.27078501106,537191.5059709842,560856.4812330954,0.00033085194375516956,3.8358092746310195,0.8537412760256612,3.8358092746310195,3452.2659748925334,90.675,34.312333499012645,18135,90
E2MACSScheduler,5340.94152012241,16607.916987062934,21597.202237231035,0.00964984835952578,1.1131445100708643,0.95,1.1131445100708643,2171.0750625906467,90.675,27.51362207406463,18135,90
OracleScheduler,17145.30655162444,62843.73736689455,73546.72912658153,0.43755169561621177,1.2211086220336513,0.891255576772355,1.2211086220336513,2491.067606327445,90.675,11.857479459571783,18135,90
RandomScheduler,16699.197954528958,52337.579494706915,58532.83657969606,0.0037754166441939484,1.3003431062819175,0.8540840162378784,1.3003431062819175,2412.7854102652345,92.705,33.92915544145196,18541,92
RoundRobinScheduler,16647.742325504056,51307.215567113584,57702.11340359618,0.003182136885820614,1.2960178422220745,0.8532490620492812,1.2960178422220745,2399.7230694650766,92.705,33.84396652117535,18541,92
LoadBalanceScheduler,15551.701920527232,29626.502521827006,32608.008562731833,0.0036675475972169787,1.1690103110630579,0.8532724192661434,1.1690103110630579,2320.628702753591,92.705,36.55536189873162,18541,92
FastestResponseScheduler,292055.97930053534,553239.276085779,578973.7885375354,0.00032360714093090985,3.9228381897212574,0.8537664196561584,3.9228381897212574,3530.589000488694,92.705,34.28392192254979,18541,92
E2MACSScheduler,6726.728607324218,21675.256219290404,26345.671849456503,0.008467720187692141,1.1241885691682842,0.911856257764197,1.1241885691682842,2238.5351054263847,92.705,26.900410237615915,18541,92
OracleScheduler,19079.204106450885,68525.38201515836,79865.92767168446,0.4315840569548568,1.2632275939810507,0.891722530159978,1.2632275939810507,2555.5621546965986,92.705,11.692042505680778,18541,92
RandomScheduler,19340.516681040834,59324.55044804522,67120.16332832075,0.005557613931085587,1.340064175289517,0.8541527491830109,1.340064175289517,2464.9828991626346,94.465,33.73691380410731,18893,94
RoundRobinScheduler,19167.08653409396,55554.42564398425,63172.56260751581,0.003175779389191764,1.3194117545397401,0.853250327369528,1.3194117545397401,2442.3431528859533,94.465,33.99335480982161,18893,94
LoadBalanceScheduler,18008.777640569402,34262.53053804121,39597.94169035291,0.0026994124808129996,1.2033116234443932,0.8544997250964522,1.2033116234443932,2364.120153809596,94.465,36.500544497653074,18893,94
FastestResponseScheduler,299934.5423338698,569170.702632651,593902.7658416457,0.0003175779389191764,3.9945044236348553,0.8537792991049775,3.9945044236348553,3595.087609840959,94.465,34.393964825054105,18893,94
E2MACSScheduler,7016.225273074243,23817.397721872072,27330.40552884641,0.007568940877573704,1.1369143949792164,0.95,1.1369143949792164,2245.5325099240285,94.465,26.623440688265184,18893,94
OracleScheduler,20969.49777862777,78778.27938850618,90166.5742778966,0.43576986185359656,1.2806596884754646,0.8915709853277909,1.2806596884754646,2614.8710340606012,94.465,11.375711801298221,18893,94
RandomScheduler,21706.38278456375,62559.74305698799,72443.30643974853,0.0035277028429134675,1.3696998534520293,0.8541068237354054,1.3696998534520293,2514.417768935324,96.38,33.99606220424099,19276,96
RoundRobinScheduler,21696.83311493117,60226.46853164002,68304.8152018917,0.0029051670471052084,1.3507187719475695,0.8533639074342079,1.3507187719475695,2497.639833573957,96.38,33.80024175310786,19276,96
LoadBalanceScheduler,20660.49308998644,39267.039183234134,45864.416131725295,0.002593899149201079,1.2315270441604402,0.8536594138646559,1.2315270441604402,2417.106440006268,96.38,36.44201741629942,19276,96
FastestResponseScheduler,307926.70131332346,585791.450906166,609089.4429419726,0.00031126789790412947,4.0810189519790105,0.853893543039458,4.0810189519790105,3672.9465956745616,96.38,34.30214208256435,19276,96
E2MACSScheduler,10677.653526184458,32390.06611976,43369.296555734065,0.005965968043162482,1.2385800778408858,0.95,1.2385800778408858,2343.952392082166,96.38,27.450333830027297,19276,96
OracleScheduler,22929.607538602886,75512.94073687687,87141.96156589949,0.4169433492425815,1.3543372081450575,0.8894970860789148,1.3543372081450575,2644.704718183792,96.38,11.79069495456899,19276,96
RandomScheduler,24409.602437933147,67616.54275233392,75883.1580009843,0.004887485999389064,1.3883373492541955,0.8531947478068167,1.3883373492541955,2560.5697371143715,98.21,34.1461089506662,19642,98
RoundRobinScheduler,24115.260209610027,64645.23480347512,73528.36429387177,0.0025964769371754405,1.377139577597275,0.8531356675818252,1.377139577597275,2546.9459129339566,98.21,33.89316753719159,19642,98
LoadBalanceScheduler,22806.938847535155,43477.212811950594,46528.46365788774,0.00234192037470726,1.2445474106047092,0.8549969887573832,1.2445474106047092,2459.960894786364,98.21,36.52365330423311,19642,98
FastestResponseScheduler,316076.12782619277,601011.5214010819,626580.3026697778,0.0003054678749618165,4.163862587512076,0.8538597148112478,4.163862587512076,3747.5034460392953,98.21,34.829682413812286,19642,98
E2MACSScheduler,9805.540073563141,34248.9607100188,40512.78140194563,0.006313002749210875,1.1910511300695665,0.95,1.1910511300695665,2347.5503745681194,98.21,26.559449444987127,19642,98
OracleScheduler,24832.958465010615,88814.51579252232,99573.3654396558,0.4241421443844822,1.349999359825582,0.8912558046253211,1.349999359825582,2723.1882390608935,98.21,12.079603837350161,19642,98
RandomScheduler,26658.40174403682,71668.69118300536,82521.45062386879,0.002244500972617088,1.424571952739837,0.8540780119193239,1.424571952739837,2613.140195233453,100.245,34.12887227343699,20049,100
RoundRobinScheduler,26631.697683868515,68467.18656584695,78684.58647472376,0.0023941343707915607,1.402881384242686,0.8532109260706889,1.402881384242686,2596.5943416232417,100.245,34.07644679674981,20049,100
LoadBalanceScheduler,25343.970152539237,48447.99376461874,55459.55759473644,0.0024440121701830514,1.28705700061522,0.8547267800051284,1.28705700061522,2516.5101196368964,100.245,36.385718913046894,20049,100
FastestResponseScheduler,324551.5524325537,615952.0304024688,642147.555963243,0.0002992667963489451,4.243794571866726,0.8537741922986855,4.243794571866726,3819.43668574738,100.245,34.45241945007449,20049,100
E2MACSScheduler,14331.227894944219,43611.559931590324,59406.82325569797,0.0039902239513192675,1.3321521674713037,0.95,1.3321521674713037,2477.786540701859,100.245,27.7116213907372,20049,100
OracleScheduler,26821.956753054634,93504.50200086687,104012.41161865866,0.4090977106090079,1.3933724383614274,0.8896884599112933,1.3933724383614274,2776.3313599514286,100.245,11.884833107097082,20049,100
